{
  "name": "IGT-Demo_r4update",
  "projectType": "AR",
  "viewType": "ar",
  "fileName": "IGT-Demo_r4update",
  "thingworxServer": "http://PP-1912311557JK.portal.ptc.io:8080",
  "viewTemplateFileName": "home-ar.json",
  "state": {
    "orientation": "portrait"
  },
  "targets": {
    "phone": {
      "components": [
        {
          "name": "ARView",
          "fileName": "ARView",
          "showInMainMenu": true,
          "viewType": "ar",
          "title": "ARView"
        },
        {
          "name": "HomeAR",
          "fileName": "HomeAR",
          "showInMainMenu": true,
          "viewType": "ar",
          "title": "HomeAR"
        },
        {
          "name": "Spatial",
          "fileName": "Spatial",
          "showInMainMenu": true,
          "viewType": "ar",
          "title": "Spatial"
        }
      ],
      "images": []
    },
    "shared": {
      "components": [
        {
          "name": "Data",
          "fileName": "Data"
        }
      ],
      "images": [],
      "fragments": [],
      "styles": [
        {
          "name": "App",
          "fileName": "App",
          "fileExt": "scss"
        }
      ]
    }
  },
  "device": {
    "name": "iphone",
    "width": "375",
    "height": "667"
  },
  "mainNavigationMenuStyle": "noMenu",
  "resourceDirectory": "src/phone/resources",
  "resourceRuntimeDir": "app/resources",
  "fontRuntimeDir": "../fonts",
  "fontDesigntimeDir": "../dist/fonts",
  "theme": "twx-light",
  "version": "1.52.1726",
  "designedForOffline": true,
  "thumbnail": "Uploaded/IGT_Full_Color_TM_APR15_GL.jpg"
}
