{
  "attributes": {
    "twx-widget": "",
    "widget-id": "view-1",
    "widget-name": "view-1",
    "is-widget-container": "true",
    "viewtype": "ar"
  },
  "children": [
    {
      "name": "twx-container-content",
      "children": [
        {
          "attributes": {
            "twx-widget": "",
            "widget-id": "3DContainer-1",
            "widget-name": "3D Container",
            "is-widget-container": "true",
            "persistmap": "true",
            "dropshadow": "true"
          },
          "name": "twx-dt-view",
          "children": [
            {
              "name": "twx-container-content",
              "children": [
                {
                  "attributes": {
                    "twx-widget": "",
                    "widget-id": "playslipReader_Int",
                    "widget-name": "playslipReader_Int",
                    "click-expression": "payslip()",
                    "src": "Uploaded/pinger.png",
                    "scale": "0.2000",
                    "x": "0.6773",
                    "y": "0.6747",
                    "z": "0.8880",
                    "rx": "0.00",
                    "ry": "0.00",
                    "rz": "0.00",
                    "visible": "false",
                    "decal": "true"
                  },
                  "name": "twx-dt-image"
                },
                {
                  "attributes": {
                    "twx-widget": "",
                    "widget-id": "payslipReaderImage",
                    "widget-name": "payslipReaderImage",
                    "src": "Uploaded/pic6.png",
                    "scale": "2.5000",
                    "x": "1.1549",
                    "y": "0.6255",
                    "z": "0.8170",
                    "rx": "0.00",
                    "ry": "0.00",
                    "rz": "0.00",
                    "visible": "false",
                    "decal": "true"
                  },
                  "name": "twx-dt-image"
                },
                {
                  "attributes": {
                    "twx-widget": "",
                    "widget-id": "MgrMenuDisplay_Int",
                    "widget-name": "MgrMenuDisplay_Int",
                    "click-expression": "menuDisplay()",
                    "src": "Uploaded/pinger.png",
                    "scale": "0.2000",
                    "x": "0.6441",
                    "y": "1.5337",
                    "z": "0.8880",
                    "rx": "0.00",
                    "ry": "0.00",
                    "rz": "0.00",
                    "visible": "false",
                    "decal": "true"
                  },
                  "name": "twx-dt-image"
                },
                {
                  "attributes": {
                    "twx-widget": "",
                    "widget-id": "MgrMenuDisplayImage",
                    "widget-name": "MgrMenuDisplayImage",
                    "src": "Uploaded/pic3.png",
                    "scale": "2.5000",
                    "x": "0.7394",
                    "y": "1.4012",
                    "z": "0.8170",
                    "rx": "0.00",
                    "ry": "0.00",
                    "rz": "0.00",
                    "visible": "false",
                    "decal": "true",
                    "pivot": "7"
                  },
                  "name": "twx-dt-image"
                },
                {
                  "attributes": {
                    "twx-widget": "",
                    "widget-id": "powerButton_Int",
                    "widget-name": "powerButton_Int",
                    "click-expression": "powerButton()",
                    "src": "Uploaded/pinger.png",
                    "scale": "0.2000",
                    "x": "0.7250",
                    "y": "1.7389",
                    "z": "0.8880",
                    "rx": "0.00",
                    "ry": "0.00",
                    "rz": "0.00",
                    "visible": "false",
                    "decal": "true"
                  },
                  "name": "twx-dt-image",
                  "children": [
                    {
                      "attributes": {
                        "eventbind-id": "eb-1554328441075",
                        "source-type": "widget",
                        "source-label": "3D Image",
                        "source-name": "powerButton_Int",
                        "source-event": "click",
                        "handler-type": "ui",
                        "handler-name": "popup-1",
                        "handler-service": "hidepopup",
                        "handler-path": "app.view[\"ARView\"].wdg[\"popup-1\"].svc.hidepopup"
                      },
                      "name": "twx-eventbind"
                    }
                  ]
                },
                {
                  "attributes": {
                    "twx-widget": "",
                    "widget-id": "powerButtonImage",
                    "widget-name": "powerButtonImage",
                    "src": "Uploaded/pic2.png",
                    "scale": "2.5000",
                    "x": "0.7909",
                    "y": "1.7567",
                    "z": "0.8170",
                    "rx": "0.00",
                    "ry": "0.00",
                    "rz": "0.00",
                    "visible": "false",
                    "decal": "true",
                    "pivot": "7"
                  },
                  "name": "twx-dt-image"
                },
                {
                  "attributes": {
                    "twx-widget": "",
                    "widget-id": "barCodeScanner_Int",
                    "widget-name": "barCodeScanner_Int",
                    "click-expression": "barcodeScanner()",
                    "src": "Uploaded/pinger.png",
                    "scale": "0.2000",
                    "x": "0.7016",
                    "y": "1.3397",
                    "z": "0.8880",
                    "rx": "0.00",
                    "ry": "0.00",
                    "rz": "0.00",
                    "visible": "false",
                    "decal": "true"
                  },
                  "name": "twx-dt-image",
                  "children": [
                    {
                      "attributes": {
                        "eventbind-id": "eb-1554328540033",
                        "source-type": "widget",
                        "source-label": "3D Image",
                        "source-name": "barCodeScanner_Int",
                        "source-event": "click",
                        "handler-type": "ui",
                        "handler-name": "popup-1",
                        "handler-service": "hidepopup",
                        "handler-path": "app.view[\"ARView\"].wdg[\"popup-1\"].svc.hidepopup"
                      },
                      "name": "twx-eventbind"
                    }
                  ]
                },
                {
                  "attributes": {
                    "twx-widget": "",
                    "widget-id": "barCodeScannerImage",
                    "widget-name": "barCodeScannerImage",
                    "src": "Uploaded/pic4.png",
                    "scale": "2.5000",
                    "x": "0.7834",
                    "y": "1.1769",
                    "z": "0.8170",
                    "rx": "0.00",
                    "ry": "0.00",
                    "rz": "0.00",
                    "visible": "false",
                    "decal": "true",
                    "pivot": "7"
                  },
                  "name": "twx-dt-image"
                },
                {
                  "attributes": {
                    "twx-widget": "",
                    "widget-id": "billScanner_Int",
                    "widget-name": "billScanner_Int",
                    "click-expression": "billScanner()",
                    "src": "Uploaded/pinger.png",
                    "scale": "0.2000",
                    "x": "0.6731",
                    "y": "0.9616",
                    "z": "0.8880",
                    "rx": "0.00",
                    "ry": "0.00",
                    "rz": "0.00",
                    "visible": "false",
                    "decal": "true"
                  },
                  "name": "twx-dt-image"
                },
                {
                  "attributes": {
                    "twx-widget": "",
                    "widget-id": "innerDoor_Int",
                    "widget-name": "innerDoor_Int",
                    "click-expression": "innerdoor()",
                    "src": "Uploaded/pinger.png",
                    "scale": "0.2000",
                    "x": "0.3016",
                    "y": "1.4162",
                    "z": "0.888",
                    "rx": "0.00",
                    "ry": "0.00",
                    "rz": "0.00",
                    "visible": "false",
                    "decal": "true"
                  },
                  "name": "twx-dt-image",
                  "children": [
                    {
                      "attributes": {
                        "eventbind-id": "eb-1554328453685",
                        "source-type": "widget",
                        "source-label": "3D Image",
                        "source-name": "innerDoor_Int",
                        "source-event": "click",
                        "handler-type": "ui",
                        "handler-name": "popup-1",
                        "handler-service": "hidepopup",
                        "handler-path": "app.view[\"ARView\"].wdg[\"popup-1\"].svc.hidepopup"
                      },
                      "name": "twx-eventbind"
                    }
                  ]
                },
                {
                  "attributes": {
                    "twx-widget": "",
                    "widget-id": "innerDoorImage",
                    "widget-name": "innerDoorImage",
                    "src": "Uploaded/pic8.png",
                    "scale": "2.5000",
                    "x": "0.3581",
                    "y": "1.3977",
                    "z": "0.8170",
                    "rx": "0.00",
                    "ry": "0.00",
                    "rz": "0.00",
                    "visible": "false",
                    "decal": "true",
                    "opacity": "1",
                    "pivot": "7"
                  },
                  "name": "twx-dt-image"
                },
                {
                  "attributes": {
                    "twx-widget": "",
                    "widget-id": "burster_Int",
                    "widget-name": "burster_Int",
                    "click-expression": "showBurster()",
                    "src": "Uploaded/pinger.png",
                    "scale": "0.2000",
                    "x": "0.2702",
                    "y": "0.9602",
                    "z": "0.8881",
                    "rx": "-0.01",
                    "ry": "0.01",
                    "rz": "-0.00",
                    "visible": "false",
                    "decal": "true"
                  },
                  "name": "twx-dt-image"
                },
                {
                  "attributes": {
                    "twx-widget": "",
                    "widget-id": "burstersImage",
                    "widget-name": "burstersImage",
                    "src": "Uploaded/pic9.png",
                    "scale": "2.5000",
                    "x": "0.3115",
                    "y": "0.9652",
                    "z": "0.8170",
                    "rx": "0.00",
                    "ry": "0.00",
                    "rz": "0.00",
                    "visible": "false",
                    "decal": "true",
                    "pivot": "7"
                  },
                  "name": "twx-dt-image"
                },
                {
                  "attributes": {
                    "twx-widget": "",
                    "widget-id": "Printer_Int",
                    "widget-name": "Printer_Int",
                    "click-expression": "printer()",
                    "src": "Uploaded/pinger.png",
                    "scale": "0.2000",
                    "x": "0.6754",
                    "y": "0.4222",
                    "z": "0.8880",
                    "rx": "0.00",
                    "ry": "0.00",
                    "rz": "0.00",
                    "visible": "false"
                  },
                  "name": "twx-dt-image"
                },
                {
                  "attributes": {
                    "twx-widget": "",
                    "widget-id": "printerImage_Int",
                    "widget-name": "printerImage_Int",
                    "src": "Uploaded/pic7.png",
                    "scale": "2.5000",
                    "x": "0.7533",
                    "y": "0.3863",
                    "z": "0.8170",
                    "rx": "0.00",
                    "ry": "0.00",
                    "rz": "0.00",
                    "visible": "false",
                    "decal": "true",
                    "pivot": "7"
                  },
                  "name": "twx-dt-image"
                },
                {
                  "attributes": {
                    "twx-widget": "",
                    "widget-id": "BillAcceptorImage_Int",
                    "widget-name": "BillAcceptorImage_Int",
                    "src": "Uploaded/pic5.png",
                    "scale": "2.5000",
                    "x": "0.7446",
                    "y": "0.9256",
                    "z": "0.8170",
                    "rx": "0.00",
                    "ry": "0.00",
                    "rz": "0.00",
                    "visible": "false",
                    "decal": "true",
                    "pivot": "7"
                  },
                  "name": "twx-dt-image"
                },
                {
                  "attributes": {
                    "twx-widget": "",
                    "widget-id": "burster",
                    "widget-name": "burster",
                    "src": "Uploaded/Bursterpng.png",
                    "scale": "1.8000",
                    "x": "0.352",
                    "y": "1.2907",
                    "z": "0.7485",
                    "rx": "0.00",
                    "ry": "0.00",
                    "rz": "0.00",
                    "visible": "false"
                  },
                  "name": "twx-dt-image"
                },
                {
                  "attributes": {
                    "twx-widget": "",
                    "widget-id": "removeMoneyfromBox",
                    "widget-name": "removeMoneyfromBox",
                    "click-expression": "playVideo(\"WV_RemovingMoneyFromCashbox.mp4\")",
                    "src": "Default/vu_seq_play.svg",
                    "scale": "0.4000",
                    "x": "0.9000",
                    "y": "1.0287",
                    "z": "0.8180",
                    "rx": "0.00",
                    "ry": "0.00",
                    "rz": "0.00",
                    "visible": "false",
                    "decal": "true"
                  },
                  "name": "twx-dt-image",
                  "children": [
                    {
                      "attributes": {
                        "eventbind-id": "eb-1556917258012",
                        "source-type": "widget",
                        "source-label": "3D Image",
                        "source-name": "removeMoneyfromBox",
                        "source-event": "click",
                        "handler-type": "ui",
                        "handler-name": "popup-1",
                        "handler-service": "showpopup",
                        "handler-path": "app.view[\"ARView\"].wdg[\"popup-1\"].svc.showpopup"
                      },
                      "name": "twx-eventbind"
                    }
                  ]
                },
                {
                  "attributes": {
                    "twx-widget": "",
                    "widget-id": "clearJam",
                    "widget-name": "clearJam",
                    "click-expression": "playVideo(\"ClearingAPrinterJam.mp4\")",
                    "src": "Default/vu_seq_play.svg",
                    "scale": "0.4000",
                    "x": "0.9069",
                    "y": "0.5327",
                    "z": "0.8180",
                    "rx": "0.00",
                    "ry": "0.00",
                    "rz": "0.00",
                    "visible": "false",
                    "decal": "true"
                  },
                  "name": "twx-dt-image",
                  "children": [
                    {
                      "attributes": {
                        "eventbind-id": "eb-1556917285553",
                        "source-type": "widget",
                        "source-label": "3D Image",
                        "source-name": "clearJam",
                        "source-event": "click",
                        "handler-type": "ui",
                        "handler-name": "popup-1",
                        "handler-service": "showpopup",
                        "handler-path": "app.view[\"ARView\"].wdg[\"popup-1\"].svc.showpopup"
                      },
                      "name": "twx-eventbind"
                    }
                  ]
                },
                {
                  "attributes": {
                    "twx-widget": "",
                    "widget-id": "jamBillAcceptor",
                    "widget-name": "jamBillAcceptor",
                    "click-expression": "playVideo(\"ClearingAJamInTheBillAcceptor_1.mp4\")",
                    "src": "Default/vu_seq_play.svg",
                    "scale": "0.4000",
                    "x": "0.9000",
                    "y": "1.0744",
                    "z": "0.8214",
                    "rx": "0.00",
                    "ry": "0.00",
                    "rz": "0.00",
                    "visible": "false",
                    "decal": "true"
                  },
                  "name": "twx-dt-image",
                  "children": [
                    {
                      "attributes": {
                        "eventbind-id": "eb-1556917619155",
                        "source-type": "widget",
                        "source-label": "3D Image",
                        "source-name": "jamBillAcceptor",
                        "source-event": "click",
                        "handler-type": "ui",
                        "handler-name": "popup-1",
                        "handler-service": "showpopup",
                        "handler-path": "app.view[\"ARView\"].wdg[\"popup-1\"].svc.showpopup"
                      },
                      "name": "twx-eventbind"
                    }
                  ]
                },
                {
                  "attributes": {
                    "twx-widget": "",
                    "widget-id": "cleanPS",
                    "widget-name": "cleanPS",
                    "click-expression": "playVideo(\"CleaningPSReader.mp4\")",
                    "src": "Default/vu_seq_play.svg",
                    "scale": "0.4000",
                    "x": "0.9634",
                    "y": "0.6686",
                    "z": "0.8180",
                    "rx": "0.00",
                    "ry": "0.00",
                    "rz": "0.00",
                    "visible": "false",
                    "decal": "true"
                  },
                  "name": "twx-dt-image",
                  "children": [
                    {
                      "attributes": {
                        "eventbind-id": "eb-1556917273098",
                        "source-type": "widget",
                        "source-label": "3D Image",
                        "source-name": "cleanPS",
                        "source-event": "click",
                        "handler-type": "ui",
                        "handler-name": "popup-1",
                        "handler-service": "showpopup",
                        "handler-path": "app.view[\"ARView\"].wdg[\"popup-1\"].svc.showpopup"
                      },
                      "name": "twx-eventbind"
                    }
                  ]
                },
                {
                  "attributes": {
                    "twx-widget": "",
                    "widget-id": "changePaper",
                    "widget-name": "changePaper",
                    "click-expression": "playVideo(\"LoadingPrinterPaper.mp4\")",
                    "src": "Default/vu_seq_play.svg",
                    "scale": "0.4000",
                    "x": "0.9072",
                    "y": "0.4840",
                    "z": "0.8180",
                    "rx": "0.00",
                    "ry": "0.00",
                    "rz": "0.00",
                    "visible": "false",
                    "decal": "true"
                  },
                  "name": "twx-dt-image",
                  "children": [
                    {
                      "attributes": {
                        "eventbind-id": "eb-1556917298343",
                        "source-type": "widget",
                        "source-label": "3D Image",
                        "source-name": "changePaper",
                        "source-event": "click",
                        "handler-type": "ui",
                        "handler-name": "popup-1",
                        "handler-service": "showpopup",
                        "handler-path": "app.view[\"ARView\"].wdg[\"popup-1\"].svc.showpopup"
                      },
                      "name": "twx-eventbind"
                    },
                    {
                      "attributes": {
                        "eventbind-id": "eb-1556917403321",
                        "source-type": "widget",
                        "source-label": "3D Image",
                        "source-name": "changePaper",
                        "source-event": "click",
                        "handler-type": "ui",
                        "handler-name": "video-1",
                        "handler-service": "play",
                        "handler-path": "app.view[\"ARView\"].wdg[\"video-1\"].svc.play"
                      },
                      "name": "twx-eventbind"
                    }
                  ]
                },
                {
                  "attributes": {
                    "twx-widget": "",
                    "widget-id": "tmlText-1",
                    "widget-name": "tmlText-1",
                    "text": "<script name=\"pinger\" type=\"x-shader/x-vertex\">\n attribute vec4 vertexPosition;\n attribute vec2 vertexTexCoord;\n\n varying vec2 texcoord;\n\n uniform mat4 modelViewProjectionMatrix;\n void main() {\n   gl_Position=vec4(modelViewProjectionMatrix * vertexPosition);\n   texcoord = vertexTexCoord - 0.5;\n }\n</script>\n\n<script name=\"pinger\" type=\"x-shader/x-fragment\">\n precision mediump float;\n const float PI=3.1415926;\n varying vec2 texcoord;\n\n uniform float rings;\n uniform float fade;\n uniform float rate;\n uniform float direction;\n uniform float r;\n uniform float g;\n uniform float b;\n uniform float tick;\n\n uniform vec4 surfaceColor;\n void main() {\n   float viz = 1. - fade;\n   float wrap = 2. * PI;\n   float speed = (direction < 0.) ? 1.+rate : -1.-rate;   // note there is a default speed (1) and the rate then adjusts it\n   float o= speed * mod(tick,wrap);\n   float l=length(texcoord)*PI;\n   float freq = max(rings * 2.,1.);\n   float fr=o + (l * freq);\n   float a1=sin(fr);\n   float a2=clamp(cos(l),0.,1.); // edge fade is a cosine\n   float a = viz * a1 * a2;\n\n   vec3 c = vec3(r,g,b);\n   if (length(c) == 0.) c=vec3(0.,1.,0.);  //thingview bug - should be surfaceColor.xyz; //\n   if (a<0.) discard;\n   else gl_FragColor=vec4(c,a);\n }\n</script>"
                  },
                  "name": "twx-tml-text"
                },
                {
                  "attributes": {
                    "twx-widget": "",
                    "widget-id": "loadTicket",
                    "widget-name": "loadTicket",
                    "click-expression": "playVideo(\"LoadingTickets.mp4\")",
                    "src": "Default/vu_seq_play.svg",
                    "scale": "0.4000",
                    "x": "0.4563",
                    "y": "1.2048",
                    "z": "0.8180",
                    "rx": "0.00",
                    "ry": "0.00",
                    "rz": "0.00",
                    "visible": "false",
                    "decal": "true"
                  },
                  "name": "twx-dt-image",
                  "children": [
                    {
                      "attributes": {
                        "eventbind-id": "eb-1556917247303",
                        "source-type": "widget",
                        "source-label": "3D Image",
                        "source-name": "loadTicket",
                        "source-event": "click",
                        "handler-type": "ui",
                        "handler-name": "popup-1",
                        "handler-service": "showpopup",
                        "handler-path": "app.view[\"ARView\"].wdg[\"popup-1\"].svc.showpopup"
                      },
                      "name": "twx-eventbind"
                    }
                  ]
                },
                {
                  "attributes": {
                    "twx-widget": "",
                    "widget-id": "model-1",
                    "widget-name": "model-1",
                    "is-widget-container": "true",
                    "src": "Uploaded/GT28_Med.pvz",
                    "scale": "1.0000",
                    "x": "-0.008200004696846008",
                    "y": "0.016300000250339508",
                    "z": "0.15540000796318054",
                    "rx": "0.00",
                    "ry": "0.00",
                    "rz": "0.00"
                  },
                  "name": "twx-dt-model",
                  "children": [
                    {
                      "name": "twx-container-content"
                    }
                  ]
                },
                {
                  "attributes": {
                    "twx-widget": "",
                    "widget-id": "cashlessDevice",
                    "widget-name": "cashlessDevice",
                    "click-expression": "cashlessdevice()",
                    "src": "Uploaded/pinger.png",
                    "scale": "0.2000",
                    "x": "0.6220",
                    "y": "1.2314",
                    "z": "0.8880",
                    "rx": "0.00",
                    "ry": "0.00",
                    "rz": "0.00",
                    "decal": "true",
                    "opacity": "1"
                  },
                  "name": "twx-dt-image",
                  "children": [
                    {
                      "attributes": {
                        "eventbind-id": "eb-1554328540033",
                        "source-type": "widget",
                        "source-label": "3D Image",
                        "source-name": "cashlessDevice",
                        "source-event": "click",
                        "handler-type": "ui",
                        "handler-name": "popup-1",
                        "handler-service": "hidepopup",
                        "handler-path": "app.view[\"ARView\"].wdg[\"popup-1\"].svc.hidepopup"
                      },
                      "name": "twx-eventbind"
                    }
                  ]
                },
                {
                  "attributes": {
                    "twx-widget": "",
                    "widget-id": "multimediaDisplay",
                    "widget-name": "multimediaDisplay",
                    "click-expression": "multimediadisplay()",
                    "src": "Uploaded/pinger.png",
                    "scale": "0.2000",
                    "x": "0.3086",
                    "y": "1.6192",
                    "z": "0.8880",
                    "rx": "0.00",
                    "ry": "0.00",
                    "rz": "0.00",
                    "decal": "true",
                    "opacity": "1"
                  },
                  "name": "twx-dt-image",
                  "children": [
                    {
                      "attributes": {
                        "eventbind-id": "eb-1554328441075",
                        "source-type": "widget",
                        "source-label": "3D Image",
                        "source-name": "multimediaDisplay",
                        "source-event": "click",
                        "handler-type": "ui",
                        "handler-name": "popup-1",
                        "handler-service": "hidepopup",
                        "handler-path": "app.view[\"ARView\"].wdg[\"popup-1\"].svc.hidepopup"
                      },
                      "name": "twx-eventbind"
                    }
                  ]
                },
                {
                  "attributes": {
                    "twx-widget": "",
                    "widget-id": "doorlockExt",
                    "widget-name": "doorlockExt",
                    "click-expression": "showModelOpen()",
                    "src": "Uploaded/pinger.png",
                    "scale": "0.2000",
                    "x": "0.7418",
                    "y": "0.7527",
                    "z": "0.9011",
                    "rx": "0.00",
                    "ry": "0.00",
                    "rz": "0.00",
                    "decal": "true",
                    "opacity": "1"
                  },
                  "name": "twx-dt-image",
                  "children": [
                    {
                      "attributes": {
                        "eventbind-id": "eb-1566405615513",
                        "source-type": "widget",
                        "source-label": "3D Image",
                        "source-name": "doorlockExt",
                        "source-event": "click",
                        "handler-type": "ui",
                        "handler-name": "model-1",
                        "handler-service": "play",
                        "handler-path": "app.view[\"ARView\"].wdg[\"model-1\"].svc.play"
                      },
                      "name": "twx-eventbind"
                    }
                  ]
                },
                {
                  "attributes": {
                    "twx-widget": "",
                    "widget-id": "doorLockImage",
                    "widget-name": "doorLockImage",
                    "src": "Uploaded/pic1.png",
                    "scale": "2.5000",
                    "x": "0.7894",
                    "y": "0.7860",
                    "z": "0.8172",
                    "rx": "0.00",
                    "ry": "0.00",
                    "rz": "0.00",
                    "decal": "true",
                    "pivot": "7"
                  },
                  "name": "twx-dt-image"
                },
                {
                  "attributes": {
                    "twx-widget": "",
                    "widget-id": "QuickPickButtons",
                    "widget-name": "QuickPickButtons",
                    "click-expression": "quickpick()",
                    "src": "Uploaded/pinger.png",
                    "scale": "0.2000",
                    "x": "0.3032",
                    "y": "1.5246",
                    "z": "0.888",
                    "rx": "0.00",
                    "ry": "0.00",
                    "rz": "0.00",
                    "decal": "true",
                    "opacity": "1"
                  },
                  "name": "twx-dt-image",
                  "children": [
                    {
                      "attributes": {
                        "eventbind-id": "eb-1554328441075",
                        "source-type": "widget",
                        "source-label": "3D Image",
                        "source-name": "QuickPickButtons",
                        "source-event": "click",
                        "handler-type": "ui",
                        "handler-name": "popup-1",
                        "handler-service": "hidepopup",
                        "handler-path": "app.view[\"ARView\"].wdg[\"popup-1\"].svc.hidepopup"
                      },
                      "name": "twx-eventbind"
                    }
                  ]
                },
                {
                  "attributes": {
                    "twx-widget": "",
                    "widget-id": "DispenseButton",
                    "widget-name": "DispenseButton",
                    "click-expression": "dispense()",
                    "src": "Uploaded/pinger.png",
                    "scale": "0.2000",
                    "x": "0.2696",
                    "y": "1.0749",
                    "z": "0.888",
                    "rx": "0.00",
                    "ry": "0.00",
                    "rz": "0.00",
                    "decal": "true",
                    "opacity": "1"
                  },
                  "name": "twx-dt-image"
                },
                {
                  "attributes": {
                    "twx-widget": "",
                    "widget-id": "TicketRetrieval",
                    "widget-name": "TicketRetrieval",
                    "click-expression": "ticketretrieval()",
                    "src": "Uploaded/pinger.png",
                    "scale": "0.2000",
                    "x": "0.3435",
                    "y": "0.5716",
                    "z": "0.9143",
                    "rx": "0.00",
                    "ry": "0.00",
                    "rz": "0.00",
                    "opacity": "1"
                  },
                  "name": "twx-dt-image"
                },
                {
                  "attributes": {
                    "twx-widget": "",
                    "widget-id": "BarCodeReader",
                    "widget-name": "BarCodeReader",
                    "click-expression": "barcodereader()",
                    "src": "Uploaded/pinger.png",
                    "scale": "0.2000",
                    "x": "0.7287",
                    "y": "1.4075",
                    "z": "0.8880",
                    "rx": "0.00",
                    "ry": "0.00",
                    "rz": "0.00",
                    "decal": "true",
                    "opacity": "1"
                  },
                  "name": "twx-dt-image",
                  "children": [
                    {
                      "attributes": {
                        "eventbind-id": "eb-1554328540033",
                        "source-type": "widget",
                        "source-label": "3D Image",
                        "source-name": "BarCodeReader",
                        "source-event": "click",
                        "handler-type": "ui",
                        "handler-name": "popup-1",
                        "handler-service": "hidepopup",
                        "handler-path": "app.view[\"ARView\"].wdg[\"popup-1\"].svc.hidepopup"
                      },
                      "name": "twx-eventbind"
                    }
                  ]
                },
                {
                  "attributes": {
                    "twx-widget": "",
                    "widget-id": "BillAcceptor",
                    "widget-name": "BillAcceptor",
                    "click-expression": "billacceptor()",
                    "src": "Uploaded/pinger.png",
                    "scale": "0.2000",
                    "x": "0.6842",
                    "y": "0.9624",
                    "z": "0.8880",
                    "rx": "0.00",
                    "ry": "0.00",
                    "rz": "0.00",
                    "decal": "true",
                    "opacity": "1"
                  },
                  "name": "twx-dt-image"
                },
                {
                  "attributes": {
                    "twx-widget": "",
                    "widget-id": "billacceptorImage",
                    "widget-name": "billacceptorImage",
                    "src": "Uploaded/billacceptor.png",
                    "scale": "2.5000",
                    "x": "0.7478",
                    "y": "0.7816",
                    "z": "0.8170",
                    "rx": "0.00",
                    "ry": "0.00",
                    "rz": "0.00",
                    "visible": "false",
                    "decal": "true",
                    "pivot": "7"
                  },
                  "name": "twx-dt-image"
                },
                {
                  "attributes": {
                    "twx-widget": "",
                    "widget-id": "PrinterExt",
                    "widget-name": "PrinterExt",
                    "click-expression": "printerext()",
                    "src": "Uploaded/pinger.png",
                    "scale": "0.2000",
                    "x": "0.7097",
                    "y": "0.5830",
                    "z": "0.8880",
                    "rx": "0.00",
                    "ry": "0.00",
                    "rz": "0.00",
                    "opacity": "1"
                  },
                  "name": "twx-dt-image"
                },
                {
                  "attributes": {
                    "twx-widget": "",
                    "widget-id": "cashlessImage",
                    "widget-name": "cashlessImage",
                    "src": "Uploaded/cashlessExt.png",
                    "scale": "2.5000",
                    "x": "0.6751",
                    "y": "1.1892",
                    "z": "0.8170",
                    "rx": "0.00",
                    "ry": "0.00",
                    "rz": "0.00",
                    "visible": "false",
                    "decal": "true",
                    "opacity": "1",
                    "pivot": "7"
                  },
                  "name": "twx-dt-image"
                },
                {
                  "attributes": {
                    "twx-widget": "",
                    "widget-id": "multimediaImage",
                    "widget-name": "multimediaImage",
                    "src": "Uploaded/multimedia.png",
                    "scale": "2.5000",
                    "x": "0.3675",
                    "y": "1.5730",
                    "z": "0.8170",
                    "rx": "0.00",
                    "ry": "0.00",
                    "rz": "0.00",
                    "visible": "false",
                    "decal": "true",
                    "opacity": "1",
                    "pivot": "7"
                  },
                  "name": "twx-dt-image"
                },
                {
                  "attributes": {
                    "twx-widget": "",
                    "widget-id": "quickPickImage",
                    "widget-name": "quickPickImage",
                    "src": "Uploaded/quickpick.png",
                    "scale": "2.5000",
                    "x": "0.3488",
                    "y": "1.4031",
                    "z": "0.8170",
                    "rx": "0.00",
                    "ry": "0.00",
                    "rz": "0.00",
                    "visible": "false",
                    "decal": "true",
                    "opacity": "1",
                    "pivot": "7"
                  },
                  "name": "twx-dt-image"
                },
                {
                  "attributes": {
                    "twx-widget": "",
                    "widget-id": "scratchTicketImage",
                    "widget-name": "scratchTicketImage",
                    "src": "Uploaded/scratchticketdispenseButton.png",
                    "scale": "2.5000",
                    "x": "0.3048",
                    "y": "0.9804",
                    "z": "0.8170",
                    "rx": "0.00",
                    "ry": "0.00",
                    "rz": "0.00",
                    "visible": "false",
                    "decal": "true",
                    "opacity": "1",
                    "pivot": "7"
                  },
                  "name": "twx-dt-image"
                },
                {
                  "attributes": {
                    "twx-widget": "",
                    "widget-id": "ticketRetrievalImage",
                    "widget-name": "ticketRetrievalImage",
                    "src": "Uploaded/ticketretrieval.png",
                    "scale": "2.5000",
                    "x": "0.4063",
                    "y": "0.4901",
                    "z": "0.8170",
                    "rx": "0.00",
                    "ry": "0.00",
                    "rz": "0.00",
                    "visible": "false",
                    "decal": "true",
                    "opacity": "1",
                    "pivot": "7"
                  },
                  "name": "twx-dt-image"
                },
                {
                  "attributes": {
                    "twx-widget": "",
                    "widget-id": "barcodeReaderImage",
                    "widget-name": "barcodeReaderImage",
                    "src": "Uploaded/BarcodeReaderExt.png",
                    "scale": "2.5000",
                    "x": "0.7945",
                    "y": "1.2858",
                    "z": "0.8170",
                    "rx": "0.00",
                    "ry": "0.00",
                    "rz": "0.00",
                    "visible": "false",
                    "decal": "true",
                    "opacity": "1",
                    "pivot": "7"
                  },
                  "name": "twx-dt-image"
                },
                {
                  "attributes": {
                    "twx-widget": "",
                    "widget-id": "payslip",
                    "widget-name": "payslip",
                    "click-expression": "playslip_Ext()",
                    "src": "Uploaded/pinger.png",
                    "scale": "0.2000",
                    "x": "0.7480",
                    "y": "0.6532",
                    "z": "0.8880",
                    "rx": "0.00",
                    "ry": "0.00",
                    "rz": "0.00",
                    "decal": "true",
                    "opacity": "1"
                  },
                  "name": "twx-dt-image"
                },
                {
                  "attributes": {
                    "twx-widget": "",
                    "widget-id": "payslipreaderImage",
                    "widget-name": "payslipreaderImage",
                    "src": "Uploaded/payslipreader.png",
                    "scale": "2.5000",
                    "x": "1.1170",
                    "y": "0.6509",
                    "z": "0.8170",
                    "rx": "0.00",
                    "ry": "0.00",
                    "rz": "0.00",
                    "visible": "false",
                    "decal": "true",
                    "opacity": "1"
                  },
                  "name": "twx-dt-image"
                },
                {
                  "attributes": {
                    "twx-widget": "",
                    "widget-id": "printerExtImage",
                    "widget-name": "printerExtImage",
                    "src": "Uploaded/printerExt.png",
                    "scale": "2.5000",
                    "x": "0.7721",
                    "y": "0.3405",
                    "z": "0.8170",
                    "rx": "0.00",
                    "ry": "0.00",
                    "rz": "0.00",
                    "visible": "false",
                    "decal": "true",
                    "opacity": "1",
                    "pivot": "7"
                  },
                  "name": "twx-dt-image"
                },
                {
                  "attributes": {
                    "twx-widget": "",
                    "widget-id": "modelTarget-3",
                    "detection-position": "{\"globalPosition\":{\"x\":0,\"y\":0,\"z\":0},\"axisAngle\":{\"x\":0,\"y\":0,\"z\":0,\"w\":0}}",
                    "target-id": "e9b6caac-4ffd-4ff6-8a79-ad4956f0d9f0",
                    "widget-name": "modelTarget-3",
                    "url": "",
                    "rx": "0",
                    "model": "model-1"
                  },
                  "name": "twx-dt-target-model"
                },
                {
                  "attributes": {
                    "twx-widget": "",
                    "widget-id": "info_options",
                    "widget-name": "info_options",
                    "click-expression": "infooptions()",
                    "src": "Uploaded/pinger.png",
                    "scale": "0.2000",
                    "x": "0.4819",
                    "y": "1.1758",
                    "z": "0.8880",
                    "rx": "0.00",
                    "ry": "0.00",
                    "rz": "0.00",
                    "decal": "true",
                    "opacity": "1"
                  },
                  "name": "twx-dt-image",
                  "children": [
                    {
                      "attributes": {
                        "eventbind-id": "eb-1554328540033",
                        "source-type": "widget",
                        "source-label": "3D Image",
                        "source-name": "info_options",
                        "source-event": "click",
                        "handler-type": "ui",
                        "handler-name": "popup-1",
                        "handler-service": "hidepopup",
                        "handler-path": "app.view[\"ARView\"].wdg[\"popup-1\"].svc.hidepopup"
                      },
                      "name": "twx-eventbind"
                    }
                  ]
                },
                {
                  "attributes": {
                    "twx-widget": "",
                    "widget-id": "info_optionsImage",
                    "widget-name": "info_optionsImage",
                    "src": "Uploaded/infoOption.png",
                    "scale": "2.5000",
                    "x": "0.5372",
                    "y": "1.1667",
                    "z": "0.8170",
                    "rx": "0.00",
                    "ry": "0.00",
                    "rz": "0.00",
                    "visible": "false",
                    "decal": "true",
                    "opacity": "1",
                    "pivot": "7"
                  },
                  "name": "twx-dt-image"
                },
                {
                  "attributes": {
                    "twx-widget": "",
                    "widget-id": "onesidedShader",
                    "widget-name": "onesidedShader",
                    "text": "<script name=\"onesided\" type=\"x-shader/x-fragment\">\n  precision mediump float;\n  varying vec2 texCoord;\n  varying float dotp;\n\n  uniform float transparency;\n  uniform sampler2D texSampler2D;\n  uniform float fade;\n\n  void main(void) {\n    if (dotp < 0.) \n      discard; // item facing away, so let's not draw this pixel/fragment\n    else {\n      vec4 tx = texture2D(texSampler2D, texCoord.xy);\n      tx.a = transparency * tx.a * (1. - fade);\n      gl_FragColor = tx;\n    }\n}\n</script>\n<script name=\"onesided\" type=\"x-shader/x-vertex\">\n  attribute vec3 vertexPosition;\n  attribute vec3 vertexNormal;\n  attribute vec2 vertexTexCoord;\n\n  varying vec2 texCoord;\n  varying float dotp;\n\n  uniform mat4 modelViewProjectionMatrix;\n  uniform mat4 modelViewMatrix;\n  uniform mat4 modelMatrix;\n  uniform mat4 normalMatrix;\n  void main() {\n    vec4 vp       = vec4(vertexPosition, 1.0);\n    gl_Position  = modelViewProjectionMatrix * vp;\n    texCoord    = vertexTexCoord;\n    vec3 vv       = vec3(modelViewMatrix * vp);\n    \n    // the surface normal vector\n    vec4 vn = vec4(vertexNormal,0.);\n    vec3 N           = vec3(normalize(normalMatrix * vn));\n    // the eye-vertex vector\n    vec3 I           = normalize(vv.xyz - vec3(0));\n    // if >0, the item is facing us, otherwise facing away\n    dotp = dot(N,I);\n  }\n  </script>"
                  },
                  "name": "twx-tml-text"
                }
              ]
            }
          ]
        },
        {
          "attributes": {
            "twx-widget": "",
            "widget-id": "2DOverlay-1",
            "widget-name": "2D Overlay",
            "is-widget-container": "true"
          },
          "name": "twx-overlay",
          "children": [
            {
              "name": "twx-container-content",
              "children": [
                {
                  "attributes": {
                    "twx-widget": "",
                    "widget-id": "panel-1",
                    "widget-name": "Top Panel",
                    "is-widget-container": "true",
                    "position": "top"
                  },
                  "name": "twx-overlay-container",
                  "children": [
                    {
                      "name": "twx-container-content",
                      "children": [
                        {
                          "attributes": {
                            "twx-widget": "",
                            "widget-id": "gridLayout-2",
                            "widget-name": "gridLayout-2",
                            "is-widget-container": "true"
                          },
                          "name": "twx-gridlayout",
                          "children": [
                            {
                              "name": "twx-container-content",
                              "children": [
                                {
                                  "attributes": {
                                    "twx-widget": "",
                                    "widget-id": "row-2",
                                    "widget-name": "row-2",
                                    "is-widget-container": "true"
                                  },
                                  "name": "twx-row",
                                  "children": [
                                    {
                                      "name": "twx-container-content",
                                      "children": [
                                        {
                                          "attributes": {
                                            "twx-widget": "",
                                            "widget-id": "column-4",
                                            "widget-name": "column-4",
                                            "is-widget-container": "true",
                                            "justification": "center",
                                            "alignment": "center"
                                          },
                                          "name": "twx-col",
                                          "children": [
                                            {
                                              "name": "twx-container-content",
                                              "children": [
                                                {
                                                  "attributes": {
                                                    "twx-widget": "",
                                                    "widget-id": "gridLayout-3",
                                                    "widget-name": "gridLayout-3",
                                                    "is-widget-container": "true"
                                                  },
                                                  "name": "twx-gridlayout",
                                                  "children": [
                                                    {
                                                      "name": "twx-container-content",
                                                      "children": [
                                                        {
                                                          "attributes": {
                                                            "twx-widget": "",
                                                            "widget-id": "row-3",
                                                            "widget-name": "row-3",
                                                            "is-widget-container": "true"
                                                          },
                                                          "name": "twx-row",
                                                          "children": [
                                                            {
                                                              "name": "twx-container-content",
                                                              "children": [
                                                                {
                                                                  "attributes": {
                                                                    "twx-widget": "",
                                                                    "widget-id": "column-8",
                                                                    "widget-name": "column-8",
                                                                    "is-widget-container": "true"
                                                                  },
                                                                  "name": "twx-col",
                                                                  "children": [
                                                                    {
                                                                      "name": "twx-container-content",
                                                                      "children": [
                                                                        {
                                                                          "attributes": {
                                                                            "twx-widget": "",
                                                                            "widget-id": "image-2",
                                                                            "widget-name": "image-2",
                                                                            "imgsrc": "Uploaded/IGT_Full_Color_TM_APR15_GL.jpg",
                                                                            "width": "100%"
                                                                          },
                                                                          "name": "twx-image2"
                                                                        }
                                                                      ]
                                                                    }
                                                                  ]
                                                                }
                                                              ]
                                                            }
                                                          ]
                                                        }
                                                      ]
                                                    }
                                                  ]
                                                }
                                              ]
                                            }
                                          ]
                                        },
                                        {
                                          "attributes": {
                                            "twx-widget": "",
                                            "widget-id": "column-6",
                                            "widget-name": "column-6",
                                            "is-widget-container": "true",
                                            "justification": "center",
                                            "alignment": "center"
                                          },
                                          "name": "twx-col",
                                          "children": [
                                            {
                                              "name": "twx-container-content",
                                              "children": [
                                                {
                                                  "attributes": {
                                                    "twx-widget": "",
                                                    "widget-id": "image-3",
                                                    "widget-name": "image-3",
                                                    "imgsrc": "Uploaded/Lottery_Logo.png",
                                                    "backgroundcolor": "",
                                                    "width": "100%"
                                                  },
                                                  "name": "twx-image2"
                                                }
                                              ]
                                            }
                                          ]
                                        },
                                        {
                                          "attributes": {
                                            "twx-widget": "",
                                            "widget-id": "column-9",
                                            "widget-name": "column-9",
                                            "is-widget-container": "true"
                                          },
                                          "name": "twx-col",
                                          "children": [
                                            {
                                              "name": "twx-container-content",
                                              "children": [
                                                {
                                                  "attributes": {
                                                    "twx-widget": "",
                                                    "widget-id": "image-4",
                                                    "image-align": "center",
                                                    "widget-name": "image-4",
                                                    "imgsrc": "Uploaded/home.png",
                                                    "backgroundcolor": "white",
                                                    "width": "100%",
                                                    "height": "1"
                                                  },
                                                  "name": "twx-image2",
                                                  "children": [
                                                    {
                                                      "attributes": {
                                                        "eventbind-id": "eb-1557376132336",
                                                        "source-type": "widget",
                                                        "source-label": "Image",
                                                        "source-name": "image-4",
                                                        "source-event": "click",
                                                        "handler-namespace": "app",
                                                        "handler-name": "fn",
                                                        "handler-service": "navigate",
                                                        "handler-path": "app-fn-navigate"
                                                      },
                                                      "name": "twx-eventbind",
                                                      "children": [
                                                        {
                                                          "attributes": {
                                                            "name": "viewname",
                                                            "value": "HomeAR"
                                                          },
                                                          "name": "twx-event-data"
                                                        }
                                                      ]
                                                    }
                                                  ]
                                                }
                                              ]
                                            }
                                          ]
                                        }
                                      ]
                                    }
                                  ]
                                }
                              ]
                            }
                          ]
                        }
                      ]
                    }
                  ]
                },
                {
                  "attributes": {
                    "twx-widget": "",
                    "widget-id": "2DOverlayBody-1",
                    "widget-name": "2D Body",
                    "is-widget-container": "true"
                  },
                  "name": "twx-overlay-body",
                  "children": [
                    {
                      "name": "twx-container-content",
                      "children": [
                        {
                          "attributes": {
                            "twx-widget": "",
                            "widget-id": "panel-2",
                            "widget-name": "Left Panel",
                            "is-widget-container": "true",
                            "position": "left"
                          },
                          "name": "twx-overlay-container",
                          "children": [
                            {
                              "name": "twx-container-content"
                            }
                          ]
                        },
                        {
                          "attributes": {
                            "twx-widget": "",
                            "widget-id": "panel-3",
                            "widget-name": "Center Panel",
                            "is-widget-container": "true",
                            "position": "center"
                          },
                          "name": "twx-overlay-container",
                          "children": [
                            {
                              "name": "twx-container-content",
                              "children": [
                                {
                                  "attributes": {
                                    "twx-widget": "",
                                    "widget-id": "popup-2",
                                    "is-visible-at-designtime": "false",
                                    "widget-name": "Gesture Popup",
                                    "is-widget-container": "true",
                                    "class": "dark-popup",
                                    "width": "40%"
                                  },
                                  "name": "twx-popup",
                                  "children": [
                                    {
                                      "name": "twx-container-content",
                                      "children": [
                                        {
                                          "attributes": {
                                            "twx-widget": "",
                                            "widget-id": "panel-13",
                                            "widget-name": "Header",
                                            "is-widget-container": "true",
                                            "alignment": "center"
                                          },
                                          "name": "twx-panel",
                                          "children": [
                                            {
                                              "name": "twx-container-content",
                                              "children": [
                                                {
                                                  "attributes": {
                                                    "twx-widget": "",
                                                    "widget-id": "label-9",
                                                    "state-format-value": "text",
                                                    "widget-name": "Title",
                                                    "text": "AVAILABLE GESTURES",
                                                    "class": "simple-label white-label title"
                                                  },
                                                  "name": "twx-label"
                                                }
                                              ]
                                            }
                                          ]
                                        },
                                        {
                                          "attributes": {
                                            "twx-widget": "",
                                            "widget-id": "panel-10",
                                            "widget-name": "icon container",
                                            "is-widget-container": "true",
                                            "flexdirection": "row",
                                            "justification": "space-between",
                                            "alignment": "center"
                                          },
                                          "name": "twx-panel",
                                          "children": [
                                            {
                                              "name": "twx-container-content",
                                              "children": [
                                                {
                                                  "attributes": {
                                                    "twx-widget": "",
                                                    "widget-id": "panel-7",
                                                    "widget-name": "Pinch Panel",
                                                    "is-widget-container": "true",
                                                    "width": "100px",
                                                    "padding": "10px",
                                                    "alignment": "center"
                                                  },
                                                  "name": "twx-panel",
                                                  "children": [
                                                    {
                                                      "name": "twx-container-content",
                                                      "children": [
                                                        {
                                                          "attributes": {
                                                            "twx-widget": "",
                                                            "widget-id": "pinchImage",
                                                            "widget-name": "Pinch Image",
                                                            "imgsrc": "Uploaded/pinch.svg",
                                                            "width": "64px",
                                                            "height": "64px"
                                                          },
                                                          "name": "twx-image2"
                                                        },
                                                        {
                                                          "attributes": {
                                                            "twx-widget": "",
                                                            "widget-id": "label-3",
                                                            "state-format-value": "text",
                                                            "widget-name": "PINCH",
                                                            "text": "PINCH",
                                                            "class": "simple-label white-label title"
                                                          },
                                                          "name": "twx-label"
                                                        },
                                                        {
                                                          "attributes": {
                                                            "twx-widget": "",
                                                            "widget-id": "label-4",
                                                            "state-format-value": "text",
                                                            "widget-name": "to zoom out",
                                                            "text": "to zoom out",
                                                            "class": "simple-label white-label"
                                                          },
                                                          "name": "twx-label"
                                                        }
                                                      ]
                                                    }
                                                  ]
                                                },
                                                {
                                                  "attributes": {
                                                    "twx-widget": "",
                                                    "widget-id": "panel-6",
                                                    "widget-name": "Spread Panel",
                                                    "is-widget-container": "true",
                                                    "width": "100px",
                                                    "padding": "10px",
                                                    "alignment": "center"
                                                  },
                                                  "name": "twx-panel",
                                                  "children": [
                                                    {
                                                      "name": "twx-container-content",
                                                      "children": [
                                                        {
                                                          "attributes": {
                                                            "twx-widget": "",
                                                            "widget-id": "spreadImage",
                                                            "widget-name": "Spread Image",
                                                            "imgsrc": "Uploaded/spread.svg",
                                                            "width": "64px",
                                                            "height": "64px"
                                                          },
                                                          "name": "twx-image2"
                                                        },
                                                        {
                                                          "attributes": {
                                                            "twx-widget": "",
                                                            "widget-id": "label-1",
                                                            "state-format-value": "text",
                                                            "widget-name": "SPREAD",
                                                            "text": "SPREAD",
                                                            "class": "simple-label white-label title"
                                                          },
                                                          "name": "twx-label"
                                                        },
                                                        {
                                                          "attributes": {
                                                            "twx-widget": "",
                                                            "widget-id": "label-2",
                                                            "state-format-value": "text",
                                                            "widget-name": "to zoom in",
                                                            "text": "to zoom in",
                                                            "class": "simple-label white-label"
                                                          },
                                                          "name": "twx-label"
                                                        }
                                                      ]
                                                    }
                                                  ]
                                                },
                                                {
                                                  "attributes": {
                                                    "twx-widget": "",
                                                    "widget-id": "panel-8",
                                                    "widget-name": "Rotate Panel",
                                                    "is-widget-container": "true",
                                                    "width": "100px",
                                                    "padding": "10px",
                                                    "alignment": "center"
                                                  },
                                                  "name": "twx-panel",
                                                  "children": [
                                                    {
                                                      "name": "twx-container-content",
                                                      "children": [
                                                        {
                                                          "attributes": {
                                                            "twx-widget": "",
                                                            "widget-id": "rotateImage",
                                                            "widget-name": "Rotate Image",
                                                            "imgsrc": "Uploaded/2finger.svg",
                                                            "width": "64px",
                                                            "height": "64px"
                                                          },
                                                          "name": "twx-image2"
                                                        },
                                                        {
                                                          "attributes": {
                                                            "twx-widget": "",
                                                            "widget-id": "label-5",
                                                            "state-format-value": "text",
                                                            "widget-name": "2 Finger Drag",
                                                            "text": "TWO FINGER",
                                                            "class": "simple-label white-label title"
                                                          },
                                                          "name": "twx-label"
                                                        },
                                                        {
                                                          "attributes": {
                                                            "twx-widget": "",
                                                            "widget-id": "label-6",
                                                            "state-format-value": "text",
                                                            "widget-name": "to rotate",
                                                            "text": "to rotate",
                                                            "class": "simple-label white-label"
                                                          },
                                                          "name": "twx-label"
                                                        }
                                                      ]
                                                    }
                                                  ]
                                                },
                                                {
                                                  "attributes": {
                                                    "twx-widget": "",
                                                    "widget-id": "panel-9",
                                                    "widget-name": "Translate Panel",
                                                    "is-widget-container": "true",
                                                    "width": "100px",
                                                    "padding": "10px",
                                                    "alignment": "center"
                                                  },
                                                  "name": "twx-panel",
                                                  "children": [
                                                    {
                                                      "name": "twx-container-content",
                                                      "children": [
                                                        {
                                                          "attributes": {
                                                            "twx-widget": "",
                                                            "widget-id": "translateImage",
                                                            "widget-name": "Translate Image",
                                                            "imgsrc": "Uploaded/singlefinger.svg",
                                                            "width": "64px",
                                                            "height": "64px"
                                                          },
                                                          "name": "twx-image2"
                                                        },
                                                        {
                                                          "attributes": {
                                                            "twx-widget": "",
                                                            "widget-id": "label-7",
                                                            "state-format-value": "text",
                                                            "widget-name": "1 finger drag",
                                                            "text": "ONE FINGER",
                                                            "class": "simple-label white-label title"
                                                          },
                                                          "name": "twx-label"
                                                        },
                                                        {
                                                          "attributes": {
                                                            "twx-widget": "",
                                                            "widget-id": "label-8",
                                                            "state-format-value": "text",
                                                            "widget-name": "to translate",
                                                            "text": "to translate",
                                                            "class": "simple-label white-label"
                                                          },
                                                          "name": "twx-label"
                                                        }
                                                      ]
                                                    }
                                                  ]
                                                },
                                                {
                                                  "attributes": {
                                                    "twx-widget": "",
                                                    "widget-id": "panel-11",
                                                    "widget-name": "Shake Panel",
                                                    "is-widget-container": "true",
                                                    "width": "100px",
                                                    "padding": "10px",
                                                    "alignment": "center"
                                                  },
                                                  "name": "twx-panel",
                                                  "children": [
                                                    {
                                                      "name": "twx-container-content",
                                                      "children": [
                                                        {
                                                          "attributes": {
                                                            "twx-widget": "",
                                                            "widget-id": "shakeImage",
                                                            "widget-name": "Shake Image",
                                                            "imgsrc": "Uploaded/shake_gesture.svg",
                                                            "width": "64px",
                                                            "height": "64px"
                                                          },
                                                          "name": "twx-image2"
                                                        },
                                                        {
                                                          "attributes": {
                                                            "twx-widget": "",
                                                            "widget-id": "label-10",
                                                            "state-format-value": "text",
                                                            "widget-name": "Shake",
                                                            "text": "SHAKE",
                                                            "class": "simple-label white-label title"
                                                          },
                                                          "name": "twx-label"
                                                        },
                                                        {
                                                          "attributes": {
                                                            "twx-widget": "",
                                                            "widget-id": "label-11",
                                                            "state-format-value": "text",
                                                            "widget-name": "to break tracking",
                                                            "text": "to break tracking",
                                                            "class": "simple-label white-label text-centered"
                                                          },
                                                          "name": "twx-label"
                                                        }
                                                      ]
                                                    }
                                                  ]
                                                }
                                              ]
                                            }
                                          ]
                                        },
                                        {
                                          "attributes": {
                                            "twx-widget": "",
                                            "widget-id": "panel-12",
                                            "widget-name": "Footer",
                                            "is-widget-container": "true",
                                            "padding": "10px",
                                            "flexdirection": "row",
                                            "justification": "center"
                                          },
                                          "name": "twx-panel",
                                          "children": [
                                            {
                                              "name": "twx-container-content",
                                              "children": [
                                                {
                                                  "attributes": {
                                                    "twx-widget": "",
                                                    "widget-id": "button-1",
                                                    "widget-name": "Close Button",
                                                    "text": "Close",
                                                    "class": "close-button"
                                                  },
                                                  "name": "twx-button",
                                                  "children": [
                                                    {
                                                      "attributes": {
                                                        "eventbind-id": "eb-1503612761342",
                                                        "handler-type": "ui",
                                                        "handler-name": "popup-1",
                                                        "handler-service": "hidepopup",
                                                        "source-type": "widget",
                                                        "source-label": "Button",
                                                        "source-name": "button-1",
                                                        "source-event": "click",
                                                        "handler-path": "app.view[\"ARView\"].wdg[\"popup-1\"].svc.hidepopup"
                                                      },
                                                      "name": "twx-eventbind"
                                                    }
                                                  ]
                                                }
                                              ]
                                            }
                                          ]
                                        }
                                      ]
                                    }
                                  ]
                                }
                              ]
                            }
                          ]
                        },
                        {
                          "attributes": {
                            "twx-widget": "",
                            "widget-id": "panel-4",
                            "widget-name": "Right Panel",
                            "is-widget-container": "true",
                            "position": "right"
                          },
                          "name": "twx-overlay-container",
                          "children": [
                            {
                              "name": "twx-container-content"
                            }
                          ]
                        },
                        {
                          "attributes": {
                            "twx-widget": "",
                            "widget-id": "popup-1",
                            "is-visible-at-designtime": "false",
                            "widget-name": "popup-1",
                            "is-widget-container": "true",
                            "width": "30%",
                            "top": "30%",
                            "left": "60%"
                          },
                          "name": "twx-popup",
                          "children": [
                            {
                              "name": "twx-container-content",
                              "children": [
                                {
                                  "attributes": {
                                    "twx-widget": "",
                                    "widget-id": "gridLayout-1",
                                    "widget-name": "gridLayout-1",
                                    "is-widget-container": "true"
                                  },
                                  "name": "twx-gridlayout",
                                  "children": [
                                    {
                                      "name": "twx-container-content",
                                      "children": [
                                        {
                                          "attributes": {
                                            "twx-widget": "",
                                            "widget-id": "row-1",
                                            "widget-name": "row-1",
                                            "is-widget-container": "true"
                                          },
                                          "name": "twx-row",
                                          "children": [
                                            {
                                              "name": "twx-container-content",
                                              "children": [
                                                {
                                                  "attributes": {
                                                    "twx-widget": "",
                                                    "widget-id": "column-1",
                                                    "widget-name": "column-1",
                                                    "is-widget-container": "true"
                                                  },
                                                  "name": "twx-col",
                                                  "children": [
                                                    {
                                                      "name": "twx-container-content"
                                                    }
                                                  ]
                                                },
                                                {
                                                  "attributes": {
                                                    "twx-widget": "",
                                                    "widget-id": "column-2",
                                                    "widget-name": "column-2",
                                                    "is-widget-container": "true",
                                                    "alignment": "center"
                                                  },
                                                  "name": "twx-col",
                                                  "children": [
                                                    {
                                                      "name": "twx-container-content",
                                                      "children": [
                                                        {
                                                          "attributes": {
                                                            "twx-widget": "",
                                                            "widget-id": "image-1",
                                                            "image-align": "center",
                                                            "widget-name": "image-1",
                                                            "imgsrc": "Uploaded/close.jpeg",
                                                            "backgroundcolor": "white",
                                                            "width": "25%"
                                                          },
                                                          "name": "twx-image2",
                                                          "children": [
                                                            {
                                                              "attributes": {
                                                                "eventbind-id": "eb-1554300711544",
                                                                "source-type": "widget",
                                                                "source-label": "Image",
                                                                "source-name": "image-1",
                                                                "source-event": "click",
                                                                "handler-type": "ui",
                                                                "handler-name": "popup-1",
                                                                "handler-service": "hidepopup",
                                                                "handler-path": "app.view[\"ARView\"].wdg[\"popup-1\"].svc.hidepopup"
                                                              },
                                                              "name": "twx-eventbind"
                                                            },
                                                            {
                                                              "attributes": {
                                                                "eventbind-id": "eb-1556917953399",
                                                                "source-type": "widget",
                                                                "source-label": "Image",
                                                                "source-name": "image-1",
                                                                "source-event": "click",
                                                                "handler-type": "ui",
                                                                "handler-name": "video-1",
                                                                "handler-service": "pause",
                                                                "handler-path": "app.view[\"ARView\"].wdg[\"video-1\"].svc.pause"
                                                              },
                                                              "name": "twx-eventbind"
                                                            }
                                                          ]
                                                        }
                                                      ]
                                                    }
                                                  ]
                                                },
                                                {
                                                  "attributes": {
                                                    "twx-widget": "",
                                                    "widget-id": "column-3",
                                                    "widget-name": "column-3",
                                                    "is-widget-container": "true"
                                                  },
                                                  "name": "twx-col",
                                                  "children": [
                                                    {
                                                      "name": "twx-container-content"
                                                    }
                                                  ]
                                                }
                                              ]
                                            }
                                          ]
                                        }
                                      ]
                                    }
                                  ]
                                },
                                {
                                  "attributes": {
                                    "twx-widget": "",
                                    "widget-id": "video-1",
                                    "widget-name": "video-1",
                                    "showcontrols": "true",
                                    "preload": "auto"
                                  },
                                  "name": "twx-video"
                                }
                              ]
                            }
                          ]
                        }
                      ]
                    }
                  ]
                },
                {
                  "attributes": {
                    "twx-widget": "",
                    "widget-id": "panel-5",
                    "widget-name": "Bottom Panel",
                    "is-widget-container": "true",
                    "position": "bottom"
                  },
                  "name": "twx-overlay-container",
                  "children": [
                    {
                      "name": "twx-container-content"
                    }
                  ]
                }
              ]
            }
          ]
        }
      ]
    },
    {
      "name": "twx-fragment-parameters"
    },
    {
      "name": "twx-view-data"
    }
  ],
  "name": "twx-view"
}
