{
  "attributes": {
    "twx-widget": "",
    "widget-id": "view-1",
    "widget-name": "view-1",
    "is-widget-container": "true",
    "viewtype": "ar"
  },
  "children": [
    {
      "name": "twx-container-content",
      "children": [
        {
          "attributes": {
            "twx-widget": "",
            "widget-id": "3DContainer-1",
            "widget-name": "3D Container",
            "is-widget-container": "true",
            "visible": "false",
            "extendedtracking": "false"
          },
          "name": "twx-dt-view",
          "children": [
            {
              "name": "twx-container-content"
            }
          ]
        },
        {
          "attributes": {
            "twx-widget": "",
            "widget-id": "2DOverlay-1",
            "widget-name": "2D Overlay",
            "is-widget-container": "true",
            "class": "bg-img"
          },
          "name": "twx-overlay",
          "children": [
            {
              "name": "twx-container-content",
              "children": [
                {
                  "attributes": {
                    "twx-widget": "",
                    "widget-id": "panel-1",
                    "widget-name": "Top Panel",
                    "is-widget-container": "true",
                    "position": "top"
                  },
                  "name": "twx-overlay-container",
                  "children": [
                    {
                      "name": "twx-container-content"
                    }
                  ]
                },
                {
                  "attributes": {
                    "twx-widget": "",
                    "widget-id": "2DOverlayBody-1",
                    "widget-name": "2D Body",
                    "is-widget-container": "true",
                    "class": ""
                  },
                  "name": "twx-overlay-body",
                  "children": [
                    {
                      "name": "twx-container-content",
                      "children": [
                        {
                          "attributes": {
                            "twx-widget": "",
                            "widget-id": "panel-3",
                            "widget-name": "Center Panel",
                            "is-widget-container": "true",
                            "position": "center"
                          },
                          "name": "twx-overlay-container",
                          "children": [
                            {
                              "name": "twx-container-content",
                              "children": [
                                {
                                  "attributes": {
                                    "twx-widget": "",
                                    "widget-id": "gridLayout-1",
                                    "widget-name": "gridLayout-1",
                                    "is-widget-container": "true"
                                  },
                                  "name": "twx-gridlayout",
                                  "children": [
                                    {
                                      "name": "twx-container-content",
                                      "children": [
                                        {
                                          "attributes": {
                                            "twx-widget": "",
                                            "widget-id": "row-1",
                                            "widget-name": "row-1",
                                            "is-widget-container": "true"
                                          },
                                          "name": "twx-row",
                                          "children": [
                                            {
                                              "name": "twx-container-content",
                                              "children": [
                                                {
                                                  "attributes": {
                                                    "twx-widget": "",
                                                    "widget-id": "column-1",
                                                    "widget-name": "column-1",
                                                    "is-widget-container": "true"
                                                  },
                                                  "name": "twx-col",
                                                  "children": [
                                                    {
                                                      "name": "twx-container-content"
                                                    }
                                                  ]
                                                }
                                              ]
                                            }
                                          ]
                                        },
                                        {
                                          "attributes": {
                                            "twx-widget": "",
                                            "widget-id": "row-2",
                                            "widget-name": "row-2",
                                            "is-widget-container": "true"
                                          },
                                          "name": "twx-row",
                                          "children": [
                                            {
                                              "name": "twx-container-content",
                                              "children": [
                                                {
                                                  "attributes": {
                                                    "twx-widget": "",
                                                    "widget-id": "column-2",
                                                    "widget-name": "column-2",
                                                    "is-widget-container": "true",
                                                    "class": "space-element"
                                                  },
                                                  "name": "twx-col",
                                                  "children": [
                                                    {
                                                      "name": "twx-container-content"
                                                    }
                                                  ]
                                                },
                                                {
                                                  "attributes": {
                                                    "twx-widget": "",
                                                    "widget-id": "column-4",
                                                    "widget-name": "column-4",
                                                    "is-widget-container": "true"
                                                  },
                                                  "name": "twx-col",
                                                  "children": [
                                                    {
                                                      "name": "twx-container-content"
                                                    }
                                                  ]
                                                },
                                                {
                                                  "attributes": {
                                                    "twx-widget": "",
                                                    "widget-id": "column-5",
                                                    "widget-name": "column-5",
                                                    "is-widget-container": "true"
                                                  },
                                                  "name": "twx-col",
                                                  "children": [
                                                    {
                                                      "name": "twx-container-content"
                                                    }
                                                  ]
                                                }
                                              ]
                                            }
                                          ]
                                        },
                                        {
                                          "attributes": {
                                            "twx-widget": "",
                                            "widget-id": "row-3",
                                            "widget-name": "row-3",
                                            "is-widget-container": "true"
                                          },
                                          "name": "twx-row",
                                          "children": [
                                            {
                                              "name": "twx-container-content",
                                              "children": [
                                                {
                                                  "attributes": {
                                                    "twx-widget": "",
                                                    "widget-id": "column-3",
                                                    "widget-name": "column-3",
                                                    "is-widget-container": "true"
                                                  },
                                                  "name": "twx-col",
                                                  "children": [
                                                    {
                                                      "name": "twx-container-content"
                                                    }
                                                  ]
                                                }
                                              ]
                                            }
                                          ]
                                        }
                                      ]
                                    }
                                  ]
                                },
                                {
                                  "attributes": {
                                    "twx-widget": "",
                                    "widget-id": "popup-1",
                                    "widget-name": "popup-1",
                                    "is-widget-container": "true",
                                    "class": "popup",
                                    "width": "auto",
                                    "centered": "false",
                                    "visible": "true"
                                  },
                                  "name": "twx-popup",
                                  "children": [
                                    {
                                      "name": "twx-container-content",
                                      "children": [
                                        {
                                          "attributes": {
                                            "twx-widget": "",
                                            "widget-id": "image-3",
                                            "image-align": "center",
                                            "widget-name": "image-3",
                                            "imgsrc": "Uploaded/up.png",
                                            "width": "200px",
                                            "height": "169px"
                                          },
                                          "name": "twx-image2",
                                          "children": [
                                            {
                                              "attributes": {
                                                "eventbind-id": "eb-1556905446416",
                                                "source-type": "widget",
                                                "source-label": "Image",
                                                "source-name": "image-3",
                                                "source-event": "click",
                                                "handler-namespace": "app",
                                                "handler-name": "fn",
                                                "handler-service": "navigate",
                                                "handler-path": "app-fn-navigate"
                                              },
                                              "name": "twx-eventbind",
                                              "children": [
                                                {
                                                  "attributes": {
                                                    "name": "viewname",
                                                    "value": "ARView"
                                                  },
                                                  "name": "twx-event-data"
                                                }
                                              ]
                                            }
                                          ]
                                        },
                                        {
                                          "attributes": {
                                            "twx-widget": "",
                                            "widget-id": "image-4",
                                            "image-align": "center",
                                            "widget-name": "image-4",
                                            "class": "",
                                            "imgsrc": "Uploaded/down.png",
                                            "backgroundcolor": "",
                                            "width": "200px",
                                            "height": "169px"
                                          },
                                          "name": "twx-image2",
                                          "children": [
                                            {
                                              "attributes": {
                                                "eventbind-id": "eb-1556993368074",
                                                "source-type": "widget",
                                                "source-label": "Image",
                                                "source-name": "image-4",
                                                "source-event": "click",
                                                "handler-namespace": "app",
                                                "handler-name": "fn",
                                                "handler-service": "navigate",
                                                "handler-path": "app-fn-navigate"
                                              },
                                              "name": "twx-eventbind",
                                              "children": [
                                                {
                                                  "attributes": {
                                                    "name": "viewname",
                                                    "value": "Spatial"
                                                  },
                                                  "name": "twx-event-data"
                                                }
                                              ]
                                            }
                                          ]
                                        }
                                      ]
                                    }
                                  ]
                                }
                              ]
                            }
                          ]
                        }
                      ]
                    }
                  ]
                },
                {
                  "attributes": {
                    "twx-widget": "",
                    "widget-id": "panel-5",
                    "widget-name": "Bottom Panel",
                    "is-widget-container": "true",
                    "position": "bottom"
                  },
                  "name": "twx-overlay-container",
                  "children": [
                    {
                      "name": "twx-container-content"
                    }
                  ]
                }
              ]
            }
          ]
        }
      ]
    },
    {
      "name": "twx-fragment-parameters"
    },
    {
      "name": "twx-view-data"
    }
  ],
  "name": "twx-view"
}
