{
  "name": "",
  "version": "1.0.0",
  "requires": [
    "w320dp"
  ],
  "experiences": [
    {
      "vumark": "",
      "experienceType": "none",
      "id": 1,
      "index-keys": [],
      "title": {
        "en": "IGT DEMO_v1"
      },
      "description": {
        "en": "",
        "en-US": ""
      },
      "requires": [
        "AR-tracking"
      ],
      "tags": [],
      "icon": "",
      "viewName": "HomeAR",
      "url-template": "index.html?expId=1",
      "entryPoint": "index.html?expId=1",
      "thumbnail": "public/Uploaded/IGT_Full_Color_TM_APR15_GL.jpg",
      "thingTemplateName": ""
    }
  ],
  "accessType": "public",
  "designedfor": [
    "offline"
  ]
}
