{
  "filePath": "app/resources/Uploaded/GT28_Med.pvz",
  "destination": "app/resources/_generated_/mtg",
  "conversionInfo": {
    "targets": {
      "e9b6caac-4ffd-4ff6-8a79-ad4956f0d9f0": {
        "detectionPosition": {
          "globalPosition": {
            "x": 0,
            "y": 0,
            "z": 0
          },
          "axisAngle": {
            "x": 0,
            "y": 0,
            "z": 0,
            "w": 0
          }
        },
        "modelTargetId": "modelTarget-3",
        "modelId": "model-1",
        "referencedByView": "ARView"
      }
    }
  }
}
