{
  "attributes": {
    "twx-widget": "",
    "widget-id": "view-1",
    "widget-name": "view-1",
    "is-widget-container": "true",
    "viewtype": "ar"
  },
  "children": [
    {
      "name": "twx-container-content",
      "children": [
        {
          "attributes": {
            "twx-widget": "",
            "widget-id": "3DContainer-1",
            "widget-name": "3D Container",
            "is-widget-container": "true"
          },
          "name": "twx-dt-view",
          "children": [
            {
              "name": "twx-container-content",
              "children": [
                {
                  "attributes": {
                    "twx-widget": "",
                    "widget-id": "thingMark-1",
                    "tracking-indicator": "true",
                    "widget-name": "thingMark-1",
                    "width": "0.0254",
                    "x": "0.0000",
                    "y": "0.0000",
                    "z": "0.0000",
                    "rx": "90.00",
                    "ry": "-90",
                    "rz": "-180"
                  },
                  "name": "twx-dt-target",
                  "children": [
                    {
                      "attributes": {
                        "databind-id": "db-1574796501806",
                        "source-type": "data",
                        "source-name": "vumark",
                        "source-item-type": "value",
                        "source-item-name": "vumark",
                        "binding-type": "custom_field",
                        "from-expression": "app.params['vumark']",
                        "to-property": "markerId"
                      },
                      "name": "twx-databind"
                    }
                  ]
                },
                {
                  "attributes": {
                    "twx-widget": "",
                    "widget-id": "model",
                    "show-sequence-in-canvas": "false",
                    "widget-name": "model",
                    "is-widget-container": "true",
                    "src": "Uploaded/gt28doorOpen.pvz",
                    "scale": "1",
                    "x": "-0.0071704089641571045",
                    "y": "0.0022778422571718693",
                    "z": "0.025394722819328308",
                    "rx": "0.00",
                    "ry": "0.00",
                    "rz": "-0.35"
                  },
                  "name": "twx-dt-model",
                  "children": [
                    {
                      "name": "twx-container-content"
                    }
                  ]
                },
                {
                  "attributes": {
                    "twx-widget": "",
                    "widget-id": "pinger_doorlock",
                    "widget-name": "pinger_doorlock",
                    "click-expression": "doorLockPinger()",
                    "src": "Uploaded/pinger.png",
                    "scale": "0.4000",
                    "x": "0.7485",
                    "y": "0.7121",
                    "z": "0.6649",
                    "rx": "0.70",
                    "ry": "0.05",
                    "rz": "-0.32",
                    "decal": "true"
                  },
                  "name": "twx-dt-image"
                },
                {
                  "attributes": {
                    "twx-widget": "",
                    "widget-id": "doorLockText",
                    "widget-name": "doorLockText",
                    "src": "Uploaded/pic1.png",
                    "scale": "3.0000",
                    "x": "1.2828",
                    "y": "0.9404",
                    "z": "0.7460",
                    "rx": "5.01",
                    "ry": "0.00",
                    "rz": "0.00"
                  },
                  "name": "twx-dt-image",
                  "children": [
                    {
                      "attributes": {
                        "eventbind-id": "eb-1586805006872",
                        "source-type": "widget",
                        "source-label": "3D Image",
                        "source-name": "doorLockText",
                        "source-event": "click",
                        "handler-type": "ui",
                        "handler-name": "model",
                        "handler-service": "playAll",
                        "handler-path": "app.view[\"Home\"].wdg[\"model\"].svc.playAll"
                      },
                      "name": "twx-eventbind"
                    }
                  ]
                },
                {
                  "attributes": {
                    "twx-widget": "",
                    "widget-id": "tmlText-1",
                    "widget-name": "tmlText-1",
                    "text": "<script name=\"pinger\" type=\"x-shader/x-vertex\">\n attribute vec4 vertexPosition;\n attribute vec2 vertexTexCoord;\n\n varying vec2 texcoord;\n\n uniform mat4 modelViewProjectionMatrix;\n void main() {\n   gl_Position=vec4(modelViewProjectionMatrix * vertexPosition);\n   texcoord = vertexTexCoord - 0.5;\n }\n</script>\n\n<script name=\"pinger\" type=\"x-shader/x-fragment\">\n precision mediump float;\n const float PI=3.1415926;\n varying vec2 texcoord;\n\n uniform float rings;\n uniform float fade;\n uniform float rate;\n uniform float direction;\n uniform float r;\n uniform float g;\n uniform float b;\n uniform float tick;\n\n uniform vec4 surfaceColor;\n void main() {\n   float viz = 1. - fade;\n   float wrap = 2. * PI;\n   float speed = (direction < 0.) ? 1.+rate : -1.-rate;   // note there is a default speed (1) and the rate then adjusts it\n   float o= speed * mod(tick,wrap);\n   float l=length(texcoord)*PI;\n   float freq = max(rings * 2.,1.);\n   float fr=o + (l * freq);\n   float a1=sin(fr);\n   float a2=clamp(cos(l),0.,1.); // edge fade is a cosine\n   float a = viz * a1 * a2;\n\n   vec3 c = vec3(r,g,b);\n   if (length(c) == 0.) c=vec3(0.,1.,0.);  //thingview bug - should be surfaceColor.xyz; //\n   if (a<0.) discard;\n   else gl_FragColor=vec4(c,a);\n }\n</script>"
                  },
                  "name": "twx-tml-text"
                },
                {
                  "attributes": {
                    "twx-widget": "",
                    "widget-id": "pinger_scanner",
                    "widget-name": "pinger_scanner",
                    "click-expression": "scannerPinger()",
                    "src": "Uploaded/pinger.png",
                    "scale": "0.4000",
                    "x": "0.7867",
                    "y": "1.3292",
                    "z": "0.6966",
                    "rx": "1.27",
                    "ry": "0.00",
                    "rz": "0.00"
                  },
                  "name": "twx-dt-image"
                },
                {
                  "attributes": {
                    "twx-widget": "",
                    "widget-id": "pinger_cashless",
                    "widget-name": "pinger_cashless",
                    "click-expression": "cashlessPinger()",
                    "src": "Uploaded/pinger.png",
                    "scale": "0.4000",
                    "x": "0.7331",
                    "y": "1.0514",
                    "z": "0.6789",
                    "rx": "3.40",
                    "ry": "-10.90",
                    "rz": "-4.63"
                  },
                  "name": "twx-dt-image"
                }
              ]
            }
          ]
        },
        {
          "attributes": {
            "twx-widget": "",
            "widget-id": "2DOverlay-1",
            "widget-name": "2D Overlay",
            "is-widget-container": "true"
          },
          "name": "twx-overlay",
          "children": [
            {
              "name": "twx-container-content",
              "children": [
                {
                  "attributes": {
                    "twx-widget": "",
                    "widget-id": "panel-1",
                    "widget-name": "Top Panel",
                    "is-widget-container": "true",
                    "position": "top"
                  },
                  "name": "twx-overlay-container",
                  "children": [
                    {
                      "name": "twx-container-content"
                    }
                  ]
                },
                {
                  "attributes": {
                    "twx-widget": "",
                    "widget-id": "2DOverlayBody-1",
                    "widget-name": "2D Body",
                    "is-widget-container": "true"
                  },
                  "name": "twx-overlay-body",
                  "children": [
                    {
                      "name": "twx-container-content",
                      "children": [
                        {
                          "attributes": {
                            "twx-widget": "",
                            "widget-id": "panel-2",
                            "widget-name": "Left Panel",
                            "is-widget-container": "true",
                            "position": "left",
                            "width": "50%"
                          },
                          "name": "twx-overlay-container",
                          "children": [
                            {
                              "name": "twx-container-content",
                              "children": [
                                {
                                  "attributes": {
                                    "twx-widget": "",
                                    "widget-id": "instructionsBox",
                                    "widget-name": "instructionsBox",
                                    "click-expression": "instructionsBox()",
                                    "class": "instructionsView",
                                    "imgsrc": "Uploaded/initView_sm.png"
                                  },
                                  "name": "twx-image2"
                                }
                              ]
                            }
                          ]
                        },
                        {
                          "attributes": {
                            "twx-widget": "",
                            "widget-id": "panel-3",
                            "widget-name": "Center Panel",
                            "is-widget-container": "true",
                            "position": "center"
                          },
                          "name": "twx-overlay-container",
                          "children": [
                            {
                              "name": "twx-container-content"
                            }
                          ]
                        }
                      ]
                    }
                  ]
                },
                {
                  "attributes": {
                    "twx-widget": "",
                    "widget-id": "panel-5",
                    "widget-name": "Bottom Panel",
                    "is-widget-container": "true",
                    "position": "bottom"
                  },
                  "name": "twx-overlay-container",
                  "children": [
                    {
                      "name": "twx-container-content",
                      "children": [
                        {
                          "attributes": {
                            "twx-widget": "",
                            "widget-id": "button1",
                            "widget-name": "button1",
                            "click-expression": "startBtn()",
                            "text": "Start"
                          },
                          "name": "twx-button"
                        }
                      ]
                    }
                  ]
                }
              ]
            }
          ]
        }
      ]
    },
    {
      "name": "twx-fragment-parameters"
    },
    {
      "name": "twx-view-data"
    }
  ],
  "name": "twx-view"
}
